global_x,global_y,radius,diameter,3x Diameter
6.2187126,1.89616165,39.5,79,237
4.48560471,3.44006577,32,64,192
7.55113404,7.11747194,30,60,180
0.6324894,8.3406952,24.5,49,147
2.20472425,7.31825537,19,38,114
1.41225663,2.52810019,16,32,96
5.81504966,6.55025148,15,30,90
