global_x,global_y,radius,diameter,3x Diameter,radius,diameter,3x Diameter
6.2187126,1.89616165,40,80,240,39,78,234
4.48560471,3.44006577,34,68,204,29,58,174
7.55113404,7.11747194,32,64,192,30,60,180
0.6324894,8.3406952,25,50,150,24,48,144
2.20472425,7.31825537,20,40,120,18.5,37,111
1.41225663,2.52810019,16,32,96,16,32,96
5.81504966,6.55025148,15,30,90,15,30,90
